{"alarm clock": [0.5951806299712942, 0.1735961543436524, 0.6868223668539355], "armchair": [0.15680493765101433, 0.541044660989696, 0.39064459345680613], "backpack": [0.9663732135797783, 0.616510169838506, 0.0011540314664757467], "bag": [0.16722082187135778, 0.5049799082905799, 0.8513509643275846], "ball": [0.049429014465737775, 0.1860520866205282, 0.22580053971103287], "bar": [0.7723138074356954, 0.31146473976339617, 0.9226216405708182], "basket": [0.8616510470992151, 0.6043266053681624, 0.7179685051959155], "bathroom cabinet": [0.8572643460398607, 0.9430302853319666, 0.33160233292204544], "bathroom counter": [0.46020980683250345, 0.2228978703609622, 0.7127639160072438], "bathroom stall": [0.7205572906396709, 0.03853694393843943, 0.7678090571891062], "bathroom stall door": [0.5936088187789065, 0.1954546513529004, 0.37000880091807165], "bathroom vanity": [0.7205471911718315, 0.6362000137633882, 0.7610420805022983], "bathtub": [0.8108556308493026, 0.44994848252154984, 0.6242501618676924], "bed": [0.13463868161354287, 0.7414304078144585, 0.6448425826343268], "bench": [0.5550568685177969, 0.7607321258017921, 0.5790834936814746], "bicycle": [0.8549997369897523, 0.2435527872213965, 0.7950620401372508], "bin": [0.8780254454760347, 0.5994839801228818, 0.6060109905093796], "blackboard": [0.9034082013606332, 0.8511348906660872, 0.3941467912096367], "blanket": [0.6665327350440333, 0.2417111738383232, 0.1322916556932885], "blinds": [0.024531549964435517, 0.17822808954188318, 0.6741279961093275], "board": [0.9141758102965671, 0.00636004672381596, 0.7446568696091118], "book": [0.7582194292439632, 0.8480700813532953, 0.781261340345884], "bookshelf": [0.7078376566014277, 0.564907424821719, 0.9772888461608077], "bottle": [0.38272158343094675, 0.38020794316087936, 0.7849758163244195], "bowl": [0.10848357081848947, 0.03767541524020479, 0.7297871980989858], "box": [0.5642681431919001, 0.9816562827442691, 0.011247209947781056], "broom": [0.7131955041395092, 0.48281704085420574, 0.9171842971311628], "bucket": [0.14033667691439222, 0.9918137693662576, 0.6220751978294933], "bulletin board": [0.7251516426584038, 0.5696016817176738, 0.2360918064066606], "cabinet": [0.05891283009253956, 0.19239367403148266, 0.6196809670805542], "calendar": [0.6071708961428829, 0.36428639753400893, 0.08779180563500211], "candle": [0.08889536845358303, 0.13430226433686276, 0.05057179970341796], "cart": [0.2345127848212425, 0.3446323561879716, 0.5075004710041107], "case of water bottles": [0.9787394475014195, 0.8617065833983639, 0.40076960492879554], "cd case": [0.7665448255867594, 0.7341735789841963, 0.6062652995595474], "ceiling": [0.6532479921425888, 0.06828057035796342, 0.7444539073516918], "ceiling light": [0.6864637030229748, 0.8251466258713769, 0.17468618962014082], "chair": [0.22399679095345415, 0.09007780803453813, 0.5519126027284394], "clock": [0.36490779849519195, 0.8395129100928324, 0.8109231333728665], "closet": [0.6620090564516182, 0.5896880040983797, 0.3739095996767078], "closet door": [0.24105513312724647, 0.45623086579628835, 0.1266836481634943], "closet rod": [0.3003307699482498, 0.5198837060583678, 0.26886724938494777], "closet wall": [0.5146830952358293, 0.637650717545102, 0.28934683586098275], "clothes": [0.23699229408113276, 0.8161755074087093, 0.8726508341776997], "clothes dryer": [0.5495263673512001, 0.39697715284102375, 0.03643785883137696], "coat rack": [0.6524884189250297, 0.19176698814236803, 0.3039702999902071], "coffee kettle": [0.9931405306009345, 0.47999855159331273, 0.36216151266302177], "coffee maker": [0.5820400250855708, 0.22784618861881123, 0.1873569364001233], "coffee table": [0.36291815767507607, 0.9239998155273109, 0.2013340377575501], "column": [0.1812792516432732, 0.9443892923595264, 0.36761310981044204], "computer tower": [0.6602644364623278, 0.8337608964472305, 0.04130893226925858], "container": [0.7770879850742831, 0.7416091535824341, 0.17775504841950063], "copier": [0.9556653233985544, 0.6416708160510087, 0.3455723213633284], "couch": [0.16801655528911574, 0.6330124200344571, 0.4054612417493577], "counter": [0.09971769696676158, 0.6083489799380499, 0.679063641288671], "crate": [0.015190265829256977, 0.5930318830169197, 0.11476817116242544], "cup": [0.8617747442482621, 0.01421643457030397, 0.15496276817067633], "curtain": [0.42307663293113174, 0.9145177956282258, 0.7519383459156536], "cushion": [0.350698336130277, 0.7281487190501693, 0.3499702443892234], "decoration": [0.18446767042145618, 0.4381956580999935, 0.8894575685768145], "desk": [0.0030956694775240434, 0.32209469507771527, 0.0284044570363281], "dining table": [0.7234448236487562, 0.22946783039360985, 0.8028919516105703], "dish rack": [0.1283810511319774, 0.8905099343462737, 0.9208641203679828], "dishwasher": [0.013858013279623771, 0.7275335984399564, 0.9834433503055647], "divider": [0.966335761536643, 0.991719867612643, 0.26749370159961616], "door": [0.03764957662487567, 0.2660440585733753, 0.27814430690085], "doorframe": [0.9961574627896443, 0.9030488673378574, 0.37242770662252944], "dresser": [0.846358505068927, 0.3913000926461827, 0.5657935939324958], "dumbbell": [0.2861697330905514, 0.9587515155053229, 0.4151602075242906], "dustpan": [0.18663182927556943, 0.37296678721501997, 0.4627284609139304], "end table": [0.5804861729954851, 0.218871654236533, 0.724615414688281], "fan": [0.6050639951476455, 0.3539241919174744, 0.21656197152782686], "file cabinet": [0.9130683797035359, 0.11996481636561962, 0.10592489551771289], "fire alarm": [0.29176767554241667, 0.34903511145063526, 0.9602108566254778], "fire extinguisher": [0.9261612446733433, 0.9831567709103313, 0.9793338135988059], "fireplace": [0.47501084583162645, 0.581157339177295, 0.7688935117704473], "floor": [0.5179461914062664, 0.48489874226161545, 0.09827772043679484], "folded chair": [0.19320909074226855, 0.4782232134351123, 0.8750193267582547], "furniture": [0.24858937712473417, 0.21435580883641814, 0.5990341593903203], "guitar": [0.6394737958978929, 0.2970075503330122, 0.4866487223753436], "guitar case": [0.045689947175652224, 0.9975144471944746, 0.6445337671618931], "hair dryer": [0.9981760902996896, 0.713321882729394, 0.5368988201895977], "handicap bar": [0.6113809678036033, 0.031705122176029166, 0.5265212916112699], "hat": [0.45157632305062045, 0.4644739172701333, 0.7150015747533058], "headphones": [0.9688635734357082, 0.7131788047451135, 0.7256234938460773], "ironing board": [0.8194125035893788, 0.8246718411139329, 0.2833784474572547], "jacket": [0.6723845410161772, 0.0008803706728839344, 0.49546004289942036], "keyboard": [0.5127170826207319, 0.17700471999422485, 0.9430521011489971], "keyboard piano": [0.30806326257411887, 0.3546210509312351, 0.8809509094868023], "kitchen cabinet": [0.0009217849094302899, 0.3933601800232137, 0.7828609921294358], "kitchen counter": [0.12944811864604233, 0.6485293609221185, 0.11052694525752638], "ladder": [0.24599932005547653, 0.5910441250251056, 0.4555225315614646], "lamp": [0.20550096156654996, 0.9148941076205284, 0.6792019135728083], "laptop": [0.7852976911104473, 0.6064644138105418, 0.5668408319143944], "laundry basket": [0.4907966807846398, 0.36964249737062915, 0.6418547377676599], "laundry detergent": [0.6667328249697986, 0.7312498019349687, 0.31897451407418476], "laundry hamper": [0.7365900371859582, 0.08772128327329887, 0.9413370571324836], "ledge": [0.7311242852571617, 0.29459290561579754, 0.7564592160701223], "light": [0.02515062802060075, 0.20077414838049057, 0.04434614458046182], "light switch": [0.9370472821284669, 0.6152358848040004, 0.9442303764731289], "luggage": [0.3790593316123404, 0.26367819464814113, 0.5165813577132176], "machine": [0.6587801127991092, 0.45845539683840886, 0.5318357177954017], "mailbox": [0.5179783481515255, 0.057263139036822897, 0.2733924707646175], "mat": [0.20521632682081636, 0.27519899524103353, 0.5751684585308413], "mattress": [0.9325866115378827, 0.8146489918136136, 0.3007913505183686],